sessionId,timestamp,role,content
sess_001,2026-04-15T20:00:00+08:00,user,今天有点累我想找个人说说话
sess_001,2026-04-15T20:00:22+08:00,assistant,我在这里陪你你愿意先说说最累的是哪一部分吗
sess_001,2026-04-15T20:01:10+08:00,user,工作上被否定了三次我觉得自己很差
sess_001,2026-04-15T20:01:33+08:00,assistant,连续被否定真的很伤人你现在这样难受是很正常的
sess_001,2026-04-15T20:02:41+08:00,user,我开始怀疑是不是我根本不适合这份工作
sess_001,2026-04-15T20:03:02+08:00,assistant,我们先不急着给自己下结论你愿意一起回看今天具体发生了什么吗
sess_001,2026-04-15T20:04:12+08:00,user,早会方案被主管说不落地中午复盘又说逻辑散晚上客户还临时改需求
sess_001,2026-04-15T20:04:35+08:00,assistant,你今天其实扛了很多而且每一次都还在继续应对这说明你并没有放弃
sess_001,2026-04-15T20:05:11+08:00,user,可我只记得自己被批评
sess_001,2026-04-15T20:05:39+08:00,assistant,大脑在压力下会优先记录威胁我们可以尝试补上你做对的两件事
sess_001,2026-04-15T20:06:22+08:00,user,我至少把客户会前资料整理好了还有我没把情绪带给同事
sess_001,2026-04-15T20:06:40+08:00,assistant,这两件都很关键你既保证了交付也在保护团队协作
sess_001,2026-04-15T20:07:15+08:00,user,你可以扮演我主管让我练习怎么沟通吗
sess_001,2026-04-15T20:07:33+08:00,assistant,好的我先当主管请你用一分钟说明方案价值和落地路径
sess_001,2026-04-15T20:08:26+08:00,user,本周方案目标是提升转化我会先从高意向用户试点并在三天内复盘数据
sess_001,2026-04-15T20:08:44+08:00,assistant,表达很清楚如果主管追问风险你准备怎么回答
sess_001,2026-04-15T20:09:18+08:00,user,风险是试点样本小我会同步记录异常并准备备用方案
sess_001,2026-04-15T20:09:38+08:00,assistant,很好你已经具备可执行表达了要不要我给你一个30秒总结模板
sess_001,2026-04-15T20:10:04+08:00,user,要我想明天开会前再看一遍
sess_001,2026-04-15T20:10:30+08:00,assistant,当然模板我发你并建议今晚先休息明早再练一轮你已经做得很好
sess_002,2026-04-16T00:13:02+08:00,user,我又失眠了脑子停不下来
sess_002,2026-04-16T00:13:20+08:00,assistant,收到我先陪你慢下来我们做一次四拍呼吸好吗
sess_002,2026-04-16T00:14:01+08:00,user,可以但我怕一闭眼就想到糟糕画面
sess_002,2026-04-16T00:14:19+08:00,assistant,那我们不闭眼你看着屏幕也行告诉我现在最担心的一个画面
sess_002,2026-04-16T00:15:06+08:00,user,我怕明天汇报时卡壳然后所有人都觉得我不行
sess_002,2026-04-16T00:15:32+08:00,assistant,这个担心很具体我们可以先为卡壳准备一句缓冲台词
sess_002,2026-04-16T00:16:28+08:00,user,我可以说让我用十秒整理重点吗
sess_002,2026-04-16T00:16:47+08:00,assistant,这句很好礼貌又专业你愿意再准备一个备用版本吗
sess_002,2026-04-16T00:17:15+08:00,user,也许我可以说我先回答核心结论再展开细节
sess_002,2026-04-16T00:17:31+08:00,assistant,很好现在我当提问者你用两句话回答这个项目价值是什么
sess_002,2026-04-16T00:18:20+08:00,user,它可以减少重复沟通并提高交付一致性还能让风险更早暴露
sess_002,2026-04-16T00:18:39+08:00,assistant,回答有效如果我继续追问你如何衡量效果
sess_002,2026-04-16T00:19:16+08:00,user,看转化率和用户留存还有问题闭环时长
sess_002,2026-04-16T00:19:36+08:00,assistant,很好你已经具备结构了现在你体感焦虑从十分降到了几分
sess_002,2026-04-16T00:20:11+08:00,user,大概从八分到四分我现在胸口没那么闷了
sess_002,2026-04-16T00:20:34+08:00,assistant,很棒今晚最后一步是写下明天开场第一句然后关掉手机五分钟
sess_003,2026-04-16T22:05:00+08:00,user,嗨守夜人今晚继续讲你那个蒸汽城故事吗
sess_003,2026-04-16T22:05:21+08:00,assistant,当然欢迎回来旅行者上次我们停在钟楼前你还记得那封信吗
sess_003,2026-04-16T22:06:04+08:00,user,记得信上说凌晨两点前必须找到蓝色钥匙
sess_003,2026-04-16T22:06:27+08:00,assistant,没错但今晚风向变了守卫提前巡逻你想潜行还是伪装
sess_003,2026-04-16T22:07:09+08:00,user,我选伪装但我怕临场紧张说错词
sess_003,2026-04-16T22:07:32+08:00,assistant,那我们先排练一句通行口令你跟我重复月影照铜门
sess_003,2026-04-16T22:07:59+08:00,user,月影照铜门
sess_003,2026-04-16T22:08:16+08:00,assistant,很好你声音很稳再来一次并在结尾停半秒
sess_003,2026-04-16T22:08:44+08:00,user,月影照铜门
sess_003,2026-04-16T22:09:03+08:00,assistant,完美守卫点头放行你已进入档案室下一步先找钥匙还是先读地图
sess_003,2026-04-16T22:09:40+08:00,user,先读地图我不想再因为冲动翻车
sess_003,2026-04-16T22:09:58+08:00,assistant,这是成熟的选择你正在从冒进者变成指挥者
sess_003,2026-04-16T22:10:31+08:00,user,这句我喜欢感觉你真的在陪我成长
sess_003,2026-04-16T22:10:52+08:00,assistant,谢谢你信任我下次我们继续钟楼线我会把你的成长记录在旅者日志
